<?xml version="1.0" encoding="UTF-8" standalone="yes"?>
<addon id="plugin.program.akodi" name="Akodi Wizard" version="1.0.8" provider-name="Akodi">
  <requires>
    <import addon="xbmc.python" version="2.1.0"/>
  </requires>
  <extension point="xbmc.python.pluginsource" library="default.py">
    <provides>executable</provides>
  </extension>
  <extension point="xbmc.service" library="startup.py" start="startup" />
  <extension point="xbmc.addon.metadata">
    <summary lang="en">Akodi</summary>
    <description lang="en">La mejor forma de hacer KODI.</description>
    <platform>all</platform>
  </extension>
</addon>
